scene,duration_sec,image_file,clips_to_generate,image_to_video_prompt
1,10,EP01_S01.png,1,"Animate only atmosphere: stars gently twinkle, mist drifts slowly right-to-left, the amber horizon band slowly brightens and expands by 10%, crescent moon static. Camera drifts forward extremely slowly. No cuts, no objects, seamless ambient motion loop, cinematic anime consistency."
2,10,EP01_S02.png,1,"Slow aerial forward glide; clouds pour slowly between peaks; sunlight rim on snow tips subtly pulses as camera moves; a tiny flock of birds crosses frame left-to-right in far distance; valley mist shifts. Maintain painterly mountain detail, no morphing of ridgelines."
3,10,EP01_S03.png,1,"Camera glides forward above treetops following the river; birds flutter up in two or three small flocks; foreground blurred leaves sway subtly; god-rays shimmer and shift; mist drifts between trunks; river sparkle animates gently. Loopable ambience, no sudden motion."
4,11,EP01_S04.png,2,"Water ripples flow downstream with sparkling highlights; deer lap at water then lift head and flick ears at 0:05; reflections shimmer naturally; mist slides across the water; reeds sway; camera dollies slowly left. Keep deer anatomy stable, no morphing legs."
5,12,EP01_S05.png,2,Camera cranes down slowly; woodsmoke rises and drifts right; banyan leaves shimmer with light dapples moving across the ground; cow tails flick; peacock walks left-to-right; river sparkles in background; brass bell sways almost imperceptibly. Keep architecture and hut positions perfectly stable.
6,13,EP01_S06.png,2,"Very slow camera push-in toward Vyasa's face; his chest rises and falls in one deep breath; hair strands and angavastram edge flutter faintly in breeze; a leaf falls and lands on the manuscript; his eyes shift gently from the leaf toward the river off-frame; god-ray columns slowly drift; dust motes float upward through light beams. Keep face absolutely consistent, no expression exaggeration."
7,12,EP01_S07.png,2,"Camera tracks right-to-left with the disciples walking in and bowing one after another; dhoti hems and angavastrams sway naturally with movement; Vyasa's palm rises in blessing; banyan light dapples slide across their shoulders; dust motes drift; keep all faces consistent with reference, no extra characters appearing."
8,12,EP01_S08.png,2,"Slow camera orbit around the teaching circle; Vyasa's hand completes a graceful explanatory gesture; his beard and angavastram shift subtly; disciples' heads nod at different moments; leaves shimmer; light coins drift over the ground. Keep hand gesture natural, no finger distortion, stable faces."
9,13,EP01_S09.png,2,Camera slides slowly along the hand; stylus tip etches two characters with realistic pressure; lamp flame trembles and casts moving light across the leaf fibres; dust motes rise over the flame; the background bundles breathe softly out of focus; no other movement. Hands must remain anatomically perfect.
10,13,EP01_S10.png,2,Camera pulls back and rises slowly revealing the mandala pattern; the four rivers of light flow outward with slow floating pages inside them; golden particles drift from the source; Vyasa's silhouette breathes once; void stars twinkle faintly. Symmetry must stay perfect; no literal planets or sci-fi elements.
11,12,EP01_S11.png,2,Near-frozen frame with micro-motion: mist curls slowly around his body and drifts across the river; lamp flame trembles; his chest rises and falls in one very slow breath cycle; one strand of hair stirs; sky behind lightens by a subtle 5%. Absolute stillness of the figure is essential — do not move limbs or head.
12,12,EP01_S12.png,2,"Lips of disciples move in gentle unison chant rhythm; rudraksha beads slide through fingers; Gurudatta's one eye opens a slit then shuts quickly; camera dollies slowly; Vyasa's smile deepens imperceptibly; smoke curls; leaves sway. Lip motion subtle and cyclic, no wide mouth movements."
13,13,EP01_S13.png,2,"The two rishis bow in depth, their staff tips steadying on stone; Vyasa steps forward one pace and joins his palms, angavastram swinging slightly; gate bell sways with one chime motion; leaves drift across the path; background disciples shift subtly. Keep face identities locked, respectful unhurried motion."
14,14,EP01_S14.png,2,"Camera pulls back and rises slowly revealing the full gathering; fire smoke ascends vertically; river glitters; the child points and tugs; several heads bow; Vyasa nods once; god-rays sweep subtly as camera moves; cloth and hair flutter in evening breeze. Crowd stays simple and consistent — no duplicated faces, no morphing."
15,13,EP01_S15.png,2,Mostly static frame: distant visitors shrink along the path; embers glow and fade cyclically; Vyasa's angavastram and beard strands flutter; his shadow stays long; sky purple deepens by 8%; at 0:10 he half-turns away. Hold the loneliness — avoid any busy background motion.
16,12,EP01_S16.png,2,"Extreme slow push-in to the eyes; one slow blink at 0:05; the violet sky's last light dims across his face naturally; beard wisps stir; subtle micro-lift of the gaze at 0:10; bokeh lamps breathe gently out of focus; no head movement, no lip movement; maintain exact face structure from VYASA-REF."
17,13,EP01_S17.png,2,"Near-still frame: lamp flame flickers and sends moving light over the manuscript cords; the fingers on the topmost bundle curl inward by a centimetre, pause, uncurl; dust motes rise; deep shadows stay rich and stable; keep hand anatomy perfect; no camera cut — one slow 3% push total."
18,13,EP01_S18.png,2,"Locked camera; only the lamp flame dances, its twin reflections trembling inside both pupils; at 0:11 the eyelids lower to half with a slow natural motion; breathing movement of the nose and beard barely perceptible; do not add tears; maintain exact symmetric face geometry from VYASA-REF."
19,13,EP01_S19.png,2,"Moon-path shimmers continuously on the water; Vyasa dips two fingers, creating concentric ripples that travel and fade; mist slides slowly; his angavastram edge lifts in the breeze; camera drifts laterally; distant lantern flickers; water flow must be physically coherent (downstream, left to right) and loops cleanly."
20,14,EP01_S20.png,2,A single drop strikes surface at 0:02; rings expand realistically and cross each other; the reflected face warps with each ring then slowly steadies; moonlight speculars travel across moving water; keep perspective locked top-down; reflection must remain recognisably VYASA-REF face in the calm moments.
21,15,EP01_S21.png,2,Camera cranes up and away extremely slowly; stars twinkle at varying depths; a thin band of cloud crosses the star-field; river continues its shimmer; at 0:12 his head tilts upward; the single ashrama lamp flickers; hold this epic stillness — no fast motion anywhere.
22,12,EP01_S22.png,2,Mist slides knee-height across the courtyard left-to-right; sun rises a fraction and light shifts warmer across the grass; dewdrops glitter intermittently; rooster fluffs and preens once; kitchen smoke column wavers; camera glides forward smoothly. Keep all architecture locked to ASHRAMA-REF layout.
23,12,EP01_S23.png,2,"Water sloshes inside pots with realistic weight; Gurudatta's feet slip a half-step and the pot tips; Vaishampayana's hand steadies it; sunlight sparkles travel on the river; light moves warmly across wet stone; keep the boy's proportions consistent in every frame, gentle natural motion only."
24,12,EP01_S24.png,2,"Cyclic head-nod of the sleeping boy (2 slow nods), the nudge, the sudden bright blurt with a slight body jolt; senior beside covers his mouth subtly; pan to Vyasa whose eyes half-open with a knowing smile as he closes the manuscript; dappled light drifts; all expressions soft and family-friendly, no exaggerated cartoon faces."
25,13,EP01_S25.png,2,"Fire burns with natural licking flames; on the ghee pour the flame leaps taller and brighter for two seconds; sparks spiral upward and fade; smoke coils, passing through the roof light-shaft; faces flicker with firelight; Vyasa's eyes reflect the fire but stay inward; keep ladle fluid physically believable, no liquid morphing."
26,13,EP01_S26.png,2,Peacock feathers quiver and catch iridescent light as it turns; calf presses into the cow and tail swishes; deer graze with rhythmic head dips; bell swings with visible gentle arcs; backlit dust and insects sparkle; shadows lengthen by a subtle degree; every animal's anatomy stays stable frame-to-frame.
27,13,EP01_S27.png,2,Continuous slow camera arc: broom sweeps with realistic grass drag and dust sparkle; water droplets arc onto tulasi leaves and bead; angavastram flutters on the line; Gurudatta walks three careful steps adjusting his stack; long shadows stable; golden light unchanging — one seamless lively-yet-calm flow.
28,13,EP01_S28.png,2,Vyasa lowers to a kneel with believable cloth folds; his finger settles beside the mistaken character; hand pats the shoulder twice gently; Sumantu's tense shoulders drop visibly and he re-dips the stylus and re-writes one character with growing confidence; doorway daylight flickers with passing leaves outside; faces locked to refs at all times.
29,14,EP01_S29.png,2,The lamp circles smoothly; all five flames bend and trail with realistic fluid fire motion; faces flicker gold; smoke ribbons drift right; violet sky deepens slowly; Vyasa's palms join a half-beat late; hold symmetrical composition — no crowd members shifting positions.
30,13,EP01_S30.png,2,"Lamps in hut windows fade out one by one at 0:03, 0:06, 0:09 — each with a tiny chimney-ting flare before darkness; fireflies blink asynchronously across the grass; moon-silver strengthens; the final window-glow flickers but persists; stars twinkle; hold absolutely static camera."
31,15,EP01_S31.png,2,"Slow push-in; lamp flame leans and recovers with the rising heat; the ceiling cobweb trembles delicately; his chest breathes in a slow 6-second cycle; at 0:12 the right hand rises to the chest, presses the fabric once, and lowers; deep shadows remain rich; VYASA-REF face locked through the push."
32,13,EP01_S32.png,2,"The ink bead at the stylus tip swells with real surface tension and falls at 0:06, striking the leaf with a tiny crown splash and spreading into a small blot; rack focus at 0:09 from the blot to his unfocused eyes; wall behind shimmers with river-light reflections; his hand lowers the stylus at 0:12; micro-stable frame, micro-real detail."
33,13,EP01_S33.png,2,"River flows hard and coherent: white water pulses over stones, a leaf races downstream and exits at the bend; specular sunlight dances; his angavastram and beard-streamers lift in gusts; fingers tighten around the cloth cord; camera push-in slow and unwavering; water physics must stay believable frame to frame."
34,13,EP01_S34.png,2,"Hand presses chest once with fabric creasing believably; eyes close slowly (no sudden shut); one deep exhale lowers shoulders; wind passes once through hair strands; river glides out of focus; hold face absolutely consistent; the frame should breathe, not move."
35,13,EP01_S35.png,2,"Memory vignettes shimmer at their edges like heat haze; the golden crowd-memory pulses warmly with micro-motion (flags of cloth, gestures in miniature); the empty courtyard side stays absolutely still; the central face blinks once; camera drifts slowly rightward; vignette boundaries bleed softly — no hard edges."
36,15,EP01_S36.png,2,"Minimal-motion performance: lips form the words with subtle, intelligent movement; the palm slowly rotates upward; river flows beyond; at the dialogue's end his eyes close for two seconds then open to the water again; breathing and beard micro-motion only; VYASA-REF facial lock critical; no expression theatrics."
37,15,EP01_S37.png,2,"Clouds churn slowly at sky scale; cloud shadows sweep the valley floor; the ribbon river glints; the tiny ochre figure advances a few pixel-steps along the bank; wind texture moves in the grass fields; camera push stays glacial; keep painterly cloud shapes stable, no boiling edges."
38,13,EP01_S38.png,2,"Monkey chews with real jaw rhythm and rotates the mango in its paws, tail curling over the manuscript cords; Gurudatta stamps once and both fists drop when Vyasa's hand rises; Vyasa's grin blooms progressively; background monkeys absent — only one; all animal motion believable and contained to the monkey's perch; keep stack stable."
39,13,EP01_S39.png,2,"One continuous performance: smile relaxes over 4 seconds into neutral-then-heavy; eyes drift down to the stacks; fingertips touch the top bundle; deep breath; half-turn away toward frame right; cool grade shift of approximately 5% enters at 0:06; VYASA-REF strict lock, no lip pursing theatrics."
40,13,EP01_S40.png,2,"Whisper-head movements small and contained; beards and shikhas bob subtly; Gurudatta's shrug is a clean dual-shoulder rise-hold-drop; the elders' heads swivel in near-unison (slight offsets keep it natural); hen pecks rhythmically at frame edge; camera punch-zoom settles smoothly without wobble; faces locked, comedy kept warm and slow."
41,14,EP01_S41.png,2,"Smooth follow tracking at walking speed; grass combs leftward in waves; his angavastram trails with each step; mid-shot he pauses, half-turns his head toward the ashrama (profile only), holds two seconds, resumes walking; cumulus grows imperceptibly on horizon; no abrupt camera drift; ochre robes remain the frame's only warm note."
42,13,EP01_S42.png,2,Figure moves through alternating light and shadow columns — light modelling changes on robe as he passes each shaft; pollen motes swim; ferns tremble at his passing; camera pans at walking pace; tree trunks must stay fixed and monumental; footstep rhythm even and unhurried.
43,13,EP01_S43.png,2,"Circular slow push: dust spirals in the single light column; his outline crosses the threshold into light — robe colour warms instantly; he sits with believable joint motion, cloth pooling naturally; aerial-root hall stays still as cathedral pillars; fallen leaves at his feet do not move (virgin ground); old forest ambience breathes at low level."
44,13,EP01_S44.png,2,"Rings of faint light expand from the chest at 6-second intervals, thinning as they travel, dying at frame edges; the overhead unreachable light pulses at 1% brightness; tiny motes descend like slow snow; silhouette breath-cycle slow and perfect; no camera shake; the void must feel infinite — no walls, no floor reflections."
45,13,EP01_S45.png,2,"Water highlights race downstream with strong coherent flow; aerial-root silhouettes sway a millimetre; the frame dims twice (two slow blinks); light level rises slightly on blink-open; keep the blink effect smooth, not a cut; water must loop invisibly for the full 13 sec."
46,13,EP01_S46.png,2,Thumbs travel along the cord knot and still; light stripes tremble with canopy movement; bundle fibres show micro-detail; rack focus climbs from hands to face at 0:08; his eyes close on the final frame — hold two seconds; everything else in the forest breathes at minimum amplitude.
47,13,EP01_S47.png,2,"Stylus etches rhythmically throughout; outside the window each season's weather animates in its colour band (rain streaks, gold leaves drifting, mist, petals); the manuscript stack behind him steps TALLER as camera moves; lamp flame constant against all seasons; the SAME face under all lighting — absolute facial consistency is paramount."
48,13,EP01_S48.png,2,Camera push halts exactly as his line begins; lips move with truthful measured syllable shapes; NO blink during the line; one slow blink after; wind lifts beard wisps and one leaf crosses behind him; eye contact with lens must remain locked and human; VYASA-REF absolute lock — this frame is the episode identity.
49,13,EP01_S49.png,2,Canopy waves in slow large swells while clearing floor stays frozen (contrast is the point); his shadow-edge sharpens then softens as light thins; cloud congregation creeps across the sky-hole above; he is statue-still except breath; hold 13 sec without any cut — patience is the direction.
50,14,EP01_S50.png,2,Clouds part and seal slowly overhead; the one blade of light swings gently across the canopy; leaf undersides flash silver in rolling waves; dust chimes vertical; camera tilts down with gravity; the final-frame micro head-lift must read as involuntary; wind direction visibly reverses mid-scene.
51,12,EP01_S51.png,2,"Wing-burst erupts in the first 2 sec with believable staggered take-offs and motion blur on near birds; leaves dislodge and fall through the whole scene; camera tilts up fast then decelerates smoothly; Vyasa's head-turn is quick but dignified, robe hem stirring with the displaced air; sky stays ominous-slow in contrast."
52,12,EP01_S52.png,2,"Bell swings in wide arcs (self-powered, pendulum-true); leaf column spirals across the platform and dies; angavastrams strain left on the line; three successive head-lifts read clearly; Gurudatta's whisper reads as small lip-motion; firewood roll settles; keep courtyard geography consistent, sky 10% darker than earlier courtyard scenes."
53,12,EP01_S53.png,2,Eyes open in one continuous lid-lift timed to the second veena note; a small point of moving light catches in the pupils and tracks slowly; leaf-shadows slide off the face; wind-ripple in beard stops mid-scene as he stills further; pupils hold target-lock for final 3 sec; VYASA-REF eyes exact — this is the cliff's first step.
54,12,EP01_S54.png,2,Silhouette advances along the path at measured pace with natural walking cycle and veil of glare; veena shape rocks gently on the shoulder with each step; path-dust blooms gold at the ankles; peacocks become statues mid-motion; backlight breathes (±3%) with cloud movement; NO facial detail may resolve within this shot.
55,12,EP01_S55.png,2,Wind continuities: all clothes stream right-to-left; gate-bell arcs diminish in amplitude across the shot; far glare pulses gently; head-tracking on the five faces congruent to one off-frame point; Gurudatta's tiptoe bob genuine (heels lift-settle); sleeve-clutch hand fixed; keep all disciple faces locked to refs.
56,12,EP01_S56.png,2,"Camera backtracks smoothly maintaining his height in frame; walking cycle weighty and unhurried; robe and beard stream; on 0:09 the pace halves and halts; his eyes lift to frame-right high (the glow direction); final two seconds he stands motionless, chest rising once; VYASA-REF walk-cycle dignity preserved."
57,12,EP01_S57.png,2,Two steps into frame and halt; aura-light spills softly upward and steadies; ground-lamp flames lean and recover; dust wisps around sandals; bokeh courtyard shimmers behind; NO upward camera drift within this shot — hold the ground for the full 12 sec; sandal and foot anatomy perfect.
58,12,EP01_S58.png,2,Camera tilts up at constant speed; silk and pearls sway with breath and breeze; the gold inlay glint TRAVELS the veena's neck as the torso turns into the light; one finger visibly plucks — string vibrates with consequent shimmer; twin gourds catch highlights; keep face OUT of frame for entire shot (composition-locked at chest-shoulder height); aura edges pulse gently.
59,12,EP01_S59.png,2,"The smile arrives in stages (mouth → eyes) across 3 seconds; brow lifts a final millimetre; earrings settle after the turn; aura blooms 4% and holds; behind him courtyard bokeh warms; NO other movement — let the reveal land; NARADA-REF gettable from this frame: perfect symmetric, friendly divinity, no menace of any kind."
60,12,EP01_S60.png,2,Bows ripple down the row naturally unsynchronised; Gurudatta's over-bow wobble rights with the near-steady from Narada; gold cracks through the heavy sky progressively behind; on 0:09 Narada's gaze lifts beyond the last disciple and STILLS — the search starts; keep NARADA-REF and disciple faces locked; courtyard geography exact from ASHRAMA-REF.
61,12,EP01_S61.png,2,Sideways tracking matched to his pace; robe hem flows then settles as he halts centre-court; light carpet progressively gilds his feet; disciple-heads in the far plane complete their turn to him during the move; eyes hold frame-right without waver; final frame a held two-second stillness; VYASA-REF locked through motion.
62,12,EP01_S62.png,2,"Four-second absolute mutual stillness (breathing and cloth micro-motion only); the single leaf traverses the corridor at 0:05; Vyasa takes ONE step at 0:07, dust sighing from his footfall; Narada's head-tilt answers at 0:09; cloud light rolls once across the whole courtyard during the shot; hold compositional symmetry ruthlessly — this frame is series iconography."
63,10,EP01_S63.png,1,Smile completes gradation over 3 sec; brow holds its arch; eyes glint with point-light; earring sway dies naturally; bokeh courtyard breathes behind; pupil edge-light holds; NARADA-REF absolute lock — this close-up finalises his series design.
64,13,EP01_S64.png,2,"Shot 1: Vyasa's face warms into the restrained true smile across 3 sec; eyes glisten without tears. Shot 2: rack from shoulder-blur to Narada's greeting; palms fold smoothly over the veena neck. Two-shot return: both hold gaze, breathing synchronises visibly once; on the peak of held warmth — hard cut to black at 0:11; NO motion past the cut point; face-locks absolute."
65,13,EP01_S65.png,2,Emblem rises out of black with breathing light; the ground-current of light between the silhouettes pulses once like a river catching sun; the two motifs' visual rhythm = alternating soft glows left-then-right; hold monumental stillness; slow 2% push only; end the scene by tightening luminance DOWN toward darkness for the end-card.
66,15,EP01_S66.png,2,Card breathes: glint travels the veena strings once per 5 sec; motes drift; luminance pulses at 1%; no camera move; loop-safe.
